url,title,description,content,article_id
https://www.manilatimes.net/2025/11/19/tmt-newswire/globenewswire/sophos-recognized-with-microsoft-verified-small-and-medium-business-smb-solution-status/2226771,Sophos Recognized with Microsoft Verified Small and Medium Business (SMB) Solution Status,"OXFORD, United Kingdom, Nov. 18, 2025 (GLOBE NEWSWIRE) -- Sophos, a global leader of innovative security solutions for defeating cyberattacks, today announced its integration with Microsoft Defender for Business, Microsoft Defender for Endpoint, and that its Sophos MDR for Microsoft environments solution has achieved Microsoft verified Small & Medium Business (SMB) solution status through the Microsoft Intelligent Security Association (MISA). Microsoft’s verified SMB Solution status highlights the crucial role of partner collaboration in protecting small and medium businesses against increasing cyberattacks. By achieving this status, Sophos has demonstrated that its solution is purpose-built for the needs of managed service providers (MSPs) and their SMB customers and is tightly integrated with Microsoft security technology, including Microsoft Defender for Business and Microsoft Defender for Endpoint.","OXFORD, United Kingdom, Nov. 18, 2025 (GLOBE NEWSWIRE) -- Sophos, a global leader of innovative security solutions for defeating cyberattacks, today announced its integration with Microsoft Defender for Business, Microsoft Defender for Endpoint, and ... [4087 chars]",7
https://www.devdiscourse.com/article/science-environment/3702227-bangalores-blue-force-to-combat-water-loss-with-ai-technology,Bangalore's 'Blue Force' to Combat Water Loss with AI Technology,"The Bangalore Water Supply and Sewerage Board is launching 'Blue Force', an initiative using AI and robotic technology to address water leakage and illegal connections. Deputy Chief Minister D K Shivakumar will inaugurate it on November 19. The initiative aims to reduce water loss and improve distribution throughout the city.","The Bangalore Water Supply and Sewerage Board (BWSSB) is ramping up efforts to tackle water leakage issues in the city via an ambitious new initiative called 'Blue Force'. Set to be launched on November 19 by Deputy Chief Minister D K Shivakumar, the... [652 chars]",3
https://apnews.com/article/google-gemini-artificial-intelligence-9d584d1be428bf5d0a98ecd411c6d23e,"Google unveils Gemini's next generation, aiming to turn its search engine into a 'thought partner'",Google is unleashing Gemini’s next generation of artificial intelligence in its dominant search engine and other popular online services in the high-stakes battle to create technology that people can trust to enlighten them and manage tedious tasks.,SAN FRANCISCO (AP) — Google is unleashing its Gemini 3 artificial intelligence model on its dominant search engine and other popular online services in the high-stakes battle to create technology that people can trust to enlighten them and manage ted... [4657 chars],0
https://www.clickondetroit.com/business/2025/11/18/google-unveils-geminis-next-generation-aiming-to-turn-its-search-engine-into-a-thought-partner/,"Google unveils Gemini's next generation, aiming to turn its search engine into a 'thought partner'",Google is unleashing Gemini’s next generation of artificial intelligence in its dominant search engine and other popular online services in the high-stakes battle to create technology that people can trust to enlighten them and manage tedious tasks.,SAN FRANCISCO – Google is unleashing its Gemini 3 artificial intelligence model on its dominant search engine and other popular online services in the high-stakes battle to create technology that people can trust to enlighten them and manage tedious ... [4652 chars],2
https://www.usnews.com/news/business/articles/2025-11-18/google-unveils-geminis-next-generation-aiming-to-turn-its-search-engine-into-a-thought-partner,"Google Unveils Gemini's Next Generation, Aiming to Turn Its Search Engine Into a 'Thought Partner'",SAN FRANCISCO (AP) — Google is unleashing its Gemini 3 artificial intelligence model on its dominant search engine and other popular online services in the high-stakes battle to create technology that people can trust to enlighten them and manage tedious tasks.,SAN FRANCISCO (AP) — Google is unleashing its Gemini 3 artificial intelligence model on its dominant search engine and other popular online services in the high-stakes battle to create technology that people can trust to enlighten them and manage ted... [4867 chars],9
https://www.freightwaves.com/news/werner-premium-services-tailored-logistics-for-high-value-high-stakes-freight,"Werner Premium Services: Tailored logistics for high-value, high-stakes freight",https://www.youtube.com/watch?v=qJoGRDiTj-k From pharmaceutical products that must remain within a strict temperature range to high-value technology,"From pharmaceutical products that must remain within a strict temperature range to high-value technology moving across borders, high-stakes freight demands a higher standard of care.
Werner Premium Services represents the company’s go-to-market strat... [5856 chars]",4
https://www.pagenews.gr/2025/11/18/english-edition/combat-drones-in-greece-ukrainian-technology-that-is-shaking-turkey/,Combat Drones in Greece: Ukrainian Technology That Is ‘Shaking’ Turkey,"Ειδησεις - A secret Athens–Kyiv deal to produce armed naval drones in Greek shipyards opens a new geopolitical chapter across the Aegean, the Black Sea and the Eastern Mediterranean — while Ankara sees a strategic axis forming without her.","A secret Athens–Kyiv deal to produce armed naval drones in Greek shipyards opens a new geopolitical chapter across the Aegean, the Black Sea and the Eastern Mediterranean — while Ankara sees a strategic axis forming without her.
A technological leap ... [4334 chars]",8
https://www.androidheadlines.com/2025/11/lumia-2-merges-fine-jewelry-with-blood-flow-tracking-insights.html,Lumia 2 merges fine jewelry with blood flow-tracking insights,"Wearables have become a broad segment of smart technology that, at one point, only really included smart watches, but now there are devices like Lumia 2","Wearables have become a broad segment of smart technology that, at one point, only really included smart watches, but now there are devices like Lumia 2 smart earrings, the Oura Ring 4 Ceramic, and Samsung’s Galaxy Ring. Announced on November 18, the... [2769 chars]",1
https://www.manilatimes.net/2025/11/19/business/foreign-business/bofa-says-ai-is-boosting-bankers-productivity-revenue/2226594,"BofA says AI is boosting bankers' productivity, revenue","NEW YORK — Bank of America (BofA) plans to spend billions of dollars on technologies such as artificial intelligence (AI) to boost bankers’ productivity and bring in more revenue, its chief technology and information officer said on Monday.","NEW YORK — Bank of America (BofA) plans to spend billions of dollars on technologies such as artificial intelligence (AI) to boost bankers’ productivity and bring in more revenue, its chief technology and information officer said on Monday.
BofA plan... [2581 chars]",5
https://www.manilatimes.net/2025/11/19/business/maritime/marina-advances-shipbuilding-and-repair-sector-with-japan/2226178,Marina advances shipbuilding and repair sector with Japan,"THE Maritime Industry Authority (Marina) partnered with Japanese firms to modernize the Philippines’ shipbuilding and repair (SBSR) industry through technology transfer, joint ventures, and workforce development.","THE Maritime Industry Authority (Marina) partnered with Japanese firms to modernize the Philippines’ shipbuilding and repair (SBSR) industry through technology transfer, joint ventures, and workforce development.
Marina is strengthening the SBSR sect... [1353 chars]",6
